{
	"format_version": "1.8.0",
	"animations": {
		"hiten2": {
			"animation_length": 1.0417,
			"override_previous_animation": true,
			"bones": {
				"body": {
					"rotation": {
						"0.0": {
							"post": [24.81742, -14.20981, -4.15631],
							"lerp_mode": "catmullrom"
						},
						"0.125": {
							"post": [0, 72.5, 0],
							"lerp_mode": "catmullrom"
						},
						"0.375": [42.83568, 367.75868, 0.25178],
						"0.5": [45.15451, 369.95316, 2.32214],
						"0.75": [42.83568, 367.75868, 0.25178],
						"1.0": [0, 397.5, 0],
						"1.0417": [0, 397.5, 0]
					},
					"position": {
						"0.0": {
							"post": [3, -1.70312, -6.5625],
							"lerp_mode": "catmullrom"
						},
						"0.125": {
							"post": [-2.65625, -3.24609, 4.42969],
							"lerp_mode": "catmullrom"
						},
						"0.375": [-2.66, -2.25, 4.43],
						"0.75": [-2.66, -2.25, 4.43],
						"1.0": [0, 0, 0],
						"1.0417": [0, 0, 0]
					}
				},
				"right_leg": {
					"rotation": {
						"0.0": {
							"post": [-23.94734, -0.9638, 17.62272],
							"lerp_mode": "catmullrom"
						},
						"0.125": {
							"post": [25.83248, 18.03015, 23.19207],
							"lerp_mode": "catmullrom"
						},
						"0.375": {
							"post": [18.33248, 18.03015, 23.19207],
							"lerp_mode": "catmullrom"
						},
						"0.75": {
							"post": [18.33248, 18.03015, 23.19207],
							"lerp_mode": "catmullrom"
						},
						"1.0": [1.05797, 0.83354, 12.95674],
						"1.0417": [1.05797, 0.83354, 12.95674]
					},
					"position": {
						"0.0": {
							"post": [0, 4.455, -4.23125],
							"lerp_mode": "catmullrom"
						},
						"0.125": {
							"post": [0, 1.74797, -2.51641],
							"lerp_mode": "catmullrom"
						},
						"0.375": {
							"post": [0, 1.74797, -2.51641],
							"lerp_mode": "catmullrom"
						},
						"0.75": {
							"post": [0, 1.74797, -2.51641],
							"lerp_mode": "catmullrom"
						},
						"1.0": [0, 0.32813, -0.69922],
						"1.0417": [0, 0.32813, -0.69922]
					}
				},
				"bone": {
					"rotation": {
						"1.0": [0, 0, 0],
						"1.0417": [0, 0, 0]
					}
				},
				"left_leg": {
					"rotation": {
						"0.0": {
							"post": [20.89411, -5.84652, -6.16423],
							"lerp_mode": "catmullrom"
						},
						"0.125": {
							"post": [-5.78406, -4.36571, -26.40229],
							"lerp_mode": "catmullrom"
						},
						"0.375": {
							"post": [-18.28406, -4.36571, -26.40229],
							"lerp_mode": "catmullrom"
						},
						"0.75": {
							"post": [-18.28406, -4.36571, -26.40229],
							"lerp_mode": "catmullrom"
						},
						"1.0": [3.17962, -2.7504, -8.91804],
						"1.0417": [3.17962, -2.7504, -8.91804]
					},
					"position": {
						"0.0": {
							"post": [0, 0.34187, -1.40016],
							"lerp_mode": "catmullrom"
						},
						"0.125": {
							"post": [0, 2.045, -4.50953],
							"lerp_mode": "catmullrom"
						},
						"0.375": {
							"post": [0, 7.05, -4.51],
							"lerp_mode": "catmullrom"
						},
						"0.75": {
							"post": [0, 7.05, -4.51],
							"lerp_mode": "catmullrom"
						},
						"1.0": [0, 0.42188, -0.73828],
						"1.0417": [0, 0.42188, -0.73828]
					}
				},
				"waist": {
					"rotation": {
						"1.0": [0, 0, 0],
						"1.0417": [0, 0, 0]
					}
				},
				"head": {
					"rotation": {
						"0.0": {
							"post": [-9.32421, 12.55127, 4.54263],
							"lerp_mode": "catmullrom"
						},
						"0.125": {
							"post": [14.11813, 67.31635, 7.32367],
							"lerp_mode": "catmullrom"
						},
						"0.25": {
							"post": [99.79735, 84.52226, 94.10008],
							"lerp_mode": "catmullrom"
						},
						"0.375": [-17.51565, -2.38422, 0.7522],
						"0.75": [-17.51565, -2.38422, 0.7522],
						"1.0": [0, -42.5, 0],
						"1.0417": [0, -42.5, 0]
					}
				},
				"right_arm": {
					"rotation": {
						"0.0": {
							"post": [-73.29858, 13.73104, 85.02497],
							"lerp_mode": "catmullrom"
						},
						"0.125": {
							"post": [-5.54557, -10.91931, 88.29755],
							"lerp_mode": "catmullrom"
						},
						"0.25": {
							"post": [13.45443, -10.91931, 88.29755],
							"lerp_mode": "catmullrom"
						},
						"0.375": {
							"post": [63.26594, 32.77251, 99.58138],
							"lerp_mode": "catmullrom"
						},
						"0.75": {
							"post": [63.26594, 32.77251, 99.58138],
							"lerp_mode": "catmullrom"
						},
						"1.0": [3.66726, -3.70933, 28.49114],
						"1.0417": [3.66726, -3.70933, 28.49114]
					},
					"position": {
						"0.0": {
							"post": [1.03516, 0, -0.42969],
							"lerp_mode": "catmullrom"
						},
						"0.125": {
							"post": [1.03516, 0, 5.08594],
							"lerp_mode": "catmullrom"
						},
						"0.375": {
							"post": [1.03516, 0, 5.08594],
							"lerp_mode": "catmullrom"
						},
						"0.75": {
							"post": [1.03516, 0, 5.08594],
							"lerp_mode": "catmullrom"
						},
						"1.0": [-1, 0, 0],
						"1.0417": [-1, 0, 0]
					}
				},
				"left_arm": {
					"rotation": {
						"0.0": {
							"post": [-29.96652, -19.63645, -31.98961],
							"lerp_mode": "catmullrom"
						},
						"0.125": {
							"post": [-57.12378, -2.40644, -7.1048],
							"lerp_mode": "catmullrom"
						},
						"0.25": {
							"post": [-58.49514, 15.55203, -7.54956],
							"lerp_mode": "catmullrom"
						},
						"0.375": {
							"post": [-75.99514, 15.55203, -7.54956],
							"lerp_mode": "catmullrom"
						},
						"0.75": {
							"post": [-75.99514, 15.55203, -7.54956],
							"lerp_mode": "catmullrom"
						},
						"1.0": [0.37622, -2.40644, -7.1048],
						"1.0417": [0.37622, -2.40644, -7.1048]
					},
					"position": {
						"0.0": {
							"post": [0.64063, -0.23828, -0.39062],
							"lerp_mode": "catmullrom"
						},
						"0.125": {
							"post": [0.64, -0.24, -1.92125],
							"lerp_mode": "catmullrom"
						},
						"0.375": {
							"post": [0.64, -0.24, -1.92125],
							"lerp_mode": "catmullrom"
						},
						"0.75": {
							"post": [0.64, -0.24, -1.92125],
							"lerp_mode": "catmullrom"
						},
						"1.0": [0.64063, -0.23828, -0.39062],
						"1.0417": [0.64063, -0.23828, -0.39062]
					}
				},
				"left_arm2": {
					"rotation": {
						"0.0": {
							"post": [17.30639, -13.77876, -14.49826],
							"lerp_mode": "catmullrom"
						},
						"0.125": {
							"post": [3.81619, -29.63451, 5.53991],
							"lerp_mode": "catmullrom"
						},
						"0.25": {
							"post": [-26.18381, -29.63451, 5.53991],
							"lerp_mode": "catmullrom"
						},
						"0.375": {
							"post": [-26.18381, -29.63451, 5.53991],
							"lerp_mode": "catmullrom"
						},
						"0.75": {
							"post": [-26.18381, -29.63451, 5.53991],
							"lerp_mode": "catmullrom"
						},
						"1.0": [-10.4023, -24.72218, 24.30608],
						"1.0417": [-10.4023, -24.72218, 24.30608]
					},
					"position": {
						"0.0": {
							"post": [-1.12109, -1.64844, -0.87891],
							"lerp_mode": "catmullrom"
						},
						"0.375": {
							"post": [-1.12109, -1.64844, -0.87891],
							"lerp_mode": "catmullrom"
						},
						"0.75": {
							"post": [-1.12109, -1.64844, -0.87891],
							"lerp_mode": "catmullrom"
						},
						"1.0": [-1.12109, -1.64844, -0.87891],
						"1.0417": [-1.12109, -1.64844, -0.87891]
					}
				},
				"right_arm2": {
					"rotation": {
						"0.0": {
							"post": [-48.68238, 19.32625, -15.47179],
							"lerp_mode": "catmullrom"
						},
						"0.125": {
							"post": [-28.68238, 19.32625, -15.47179],
							"lerp_mode": "catmullrom"
						},
						"0.25": {
							"post": [-108.45798, 11.59935, -29.74805],
							"lerp_mode": "catmullrom"
						},
						"0.375": {
							"post": [-119.14516, 34.09154, -30.65803],
							"lerp_mode": "catmullrom"
						},
						"0.75": {
							"post": [-119.14516, 34.09154, -30.65803],
							"lerp_mode": "catmullrom"
						},
						"1.0": [-15.52776, 17.39545, -25.43792],
						"1.0417": [-15.52776, 17.39545, -25.43792]
					},
					"position": {
						"0.0": {
							"post": [0.86, -3.03875, -0.49],
							"lerp_mode": "catmullrom"
						},