{
	"format_version": "1.8.0",
	"animations": {
		"maki5": {
			"animation_length": 1,
			"override_previous_animation": true,
			"bones": {
				"body": {
					"rotation": {
						"0.0": {
							"post": [-40.54566, 401.6701, -57.1519],
							"lerp_mode": "catmullrom"
						},
						"0.3095": {
							"post": [0, 438.47064, 0],
							"lerp_mode": "catmullrom"
						},
						"0.4048": [29.01007, 319.33011, -16.61891],
						"0.7381": [31.84129, 323.52853, -13.14338],
						"1.0": {
							"pre": [0, 360, 0],
							"post": [0, 360, 0],
							"lerp_mode": "catmullrom"
						}
					},
					"position": {
						"0.0": {
							"post": [7.13, 5, -4.88],
							"lerp_mode": "catmullrom"
						},
						"0.1429": {
							"post": [3.91, -0.62, -2.67],
							"lerp_mode": "catmullrom"
						},
						"0.3095": {
							"post": [0, -0.8, 0],
							"lerp_mode": "catmullrom"
						},
						"0.4048": [0, -0.8, 0],
						"0.7381": [0, -0.8, 0],
						"1.0": {
							"pre": [0, 0, 0],
							"post": [0, 0, 0],
							"lerp_mode": "catmullrom"
						}
					},
					"scale": {
						"0.0": [1, 1, 1],
						"1.0": [1, 1, 1]
					}
				},
				"left_arm": {
					"rotation": {
						"0.0": {
							"post": [-57.2325, 13.67408, -8.37456],
							"lerp_mode": "catmullrom"
						},
						"0.3095": {
							"post": [-21.65684, -9.61799, -38.79919],
							"lerp_mode": "catmullrom"
						},
						"0.4048": [-3.53266, -1.86559, -20.25441],
						"0.7381": [-3.53266, -1.86559, -20.25441],
						"1.0": {
							"pre": [0, 0, 0],
							"post": [0, 0, 0],
							"lerp_mode": "catmullrom"
						}
					},
					"position": {
						"0.0": {
							"post": [-1, -1, -1.3],
							"lerp_mode": "catmullrom"
						},
						"0.3095": {
							"post": [0, 0, -0.2],
							"lerp_mode": "catmullrom"
						},
						"0.4048": [0, 0, -0.2],
						"0.7381": [0, 0, -0.2],
						"1.0": {
							"pre": [0, 0, 0],
							"post": [0, 0, 0],
							"lerp_mode": "catmullrom"
						}
					}
				},
				"right_arm": {
					"rotation": {
						"0.0": {
							"post": [2.6028, -7.20501, 32.25764],
							"lerp_mode": "catmullrom"
						},
						"0.3095": {
							"post": [-42.67261, 40.67975, 43.69272],
							"lerp_mode": "catmullrom"
						},
						"0.4048": [-90.90586, 27.84565, 29.21265],
						"0.7381": [-90.90586, 27.84565, 29.21265],
						"1.0": {
							"pre": [0, 0, 0],
							"post": [0, 0, 0],
							"lerp_mode": "catmullrom"
						}
					},
					"position": {
						"0.0": {
							"post": [-0.8, 0, -2],
							"lerp_mode": "catmullrom"
						},
						"0.3095": {
							"post": [0, -1, 0.7],
							"lerp_mode": "catmullrom"
						},
						"0.4048": [-0.4, -1, -1.1],
						"0.7381": [-0.4, -1, -1.1],
						"1.0": {
							"pre": [0, 0, 0],
							"post": [0, 0, 0],
							"lerp_mode": "catmullrom"
						}
					}
				},
				"head": {
					"rotation": {
						"0.0": {
							"post": [24.93262, -35.99175, -3.24573],
							"lerp_mode": "catmullrom"
						},
						"0.1429": {
							"post": [34.58642, -45.45087, -1.77873],
							"lerp_mode": "catmullrom"
						},
						"0.3095": {
							"post": [3.35905, -57.92841, -4.60017],
							"lerp_mode": "catmullrom"
						},
						"0.4048": [27.5, 44.5, 0],
						"0.7381": [30, 44.5, 0],
						"1.0": {
							"pre": [0, 0, 0],
							"post": [0, 0, 0],
							"lerp_mode": "catmullrom"
						}
					},
					"scale": {
						"0.0": [1, 1, 1],
						"1.0": [1, 1, 1]
					}
				},
				"right_leg": {
					"rotation": {
						"0.0": {
							"post": [35, 0, 38.34685],
							"lerp_mode": "catmullrom"
						},
						"0.3095": {
							"post": [9.49289, -3.15856, 18.23768],
							"lerp_mode": "catmullrom"
						},
						"0.4048": [-32.01854, 9.04687, 37.20095],
						"0.7381": [-32.01854, 9.04687, 37.20095],
						"1.0": {
							"pre": [0, 0, 0],
							"post": [0, 0, 0],
							"lerp_mode": "catmullrom"
						}
					},
					"position": {
						"0.0": {
							"post": [-1.08, -0.44, -0.08],
							"lerp_mode": "catmullrom"
						},
						"0.3095": {
							"post": [0, 0, 0],
							"lerp_mode": "catmullrom"
						},
						"0.4048": [0, 0, -2.7],
						"0.7381": [0, 0, -2.7],
						"1.0": {
							"pre": [0, 0, 0],
							"post": [0, 0, 0],
							"lerp_mode": "catmullrom"
						}
					}
				},
				"left_leg": {
					"rotation": {
						"0.0": {
							"post": [-67.31844, -15.86463, -6.24844],
							"lerp_mode": "catmullrom"
						},
						"0.1429": {
							"post": [5.82668, -8.47329, -10.81503],
							"lerp_mode": "catmullrom"
						},
						"0.3095": {
							"post": [-7.72396, 0.48862, -16.35196],
							"lerp_mode": "catmullrom"
						},
						"0.4048": [14.77604, 0.48862, -16.35196],
						"0.7381": [14.77604, 0.48862, -16.35196],
						"1.0": {
							"pre": [0, 0, 0],
							"post": [0, 0, 0],
							"lerp_mode": "catmullrom"
						}
					},
					"position": {
						"0.0": {
							"post": [0, 0, -1],
							"lerp_mode": "catmullrom"
						},
						"0.3095": {
							"post": [0, 0.9, -2],
							"lerp_mode": "catmullrom"
						},
						"0.4048": [0, 0.9, -2],
						"0.7381": [0, 0.9, -2],
						"1.0": {
							"pre": [0, 0, 0],
							"post": [0, 0, 0],
							"lerp_mode": "catmullrom"
						}
					}
				}
			}
		}
	}
}