{
	"format_version": "1.8.0",
	"animations": {
		"swordultimate": {
			"animation_length": 1.75,
			"override_previous_animation": true,
			"bones": {
				"right_arm": {
					"rotation": {
						"0.0": {
							"post": [26.11031, 29.77276, 55.10374],
							"lerp_mode": "catmullrom"
						},
						"0.0833": [-131.23367, -11.93671, 134.84471],
						"0.375": [-131.23367, -11.93671, 134.84471],
						"0.4167": [-120.23367, -11.93671, 134.84471],
						"0.4583": [-131.23367, -11.93671, 134.84471],
						"0.5": [-120.23367, -11.93671, 134.84471],
						"0.5417": [-131.23367, -11.93671, 134.84471],
						"0.5833": [-120.23367, -11.93671, 134.84471],
						"0.625": [-131.23367, -11.93671, 134.84471],
						"0.6667": [-120.23367, -11.93671, 134.84471],
						"0.7083": [-131.23367, -11.93671, 134.84471],
						"0.75": [-120.23367, -11.93671, 134.84471],
						"0.7917": [-131.23367, -11.93671, 134.84471],
						"0.8333": [-120.23367, -11.93671, 134.84471],
						"0.875": [-131.23367, -11.93671, 134.84471],
						"0.9167": [-120.23367, -11.93671, 134.84471],
						"0.9583": [-131.23367, -11.93671, 134.84471],
						"1.0": [-120.23367, -11.93671, 134.84471],
						"1.25": [-131.23367, -11.93671, 134.84471],
						"1.3333": [-11.67, 6.71, 99.2],
						"1.75": {
							"pre": [26.11031, 29.77276, 55.10374],
							"post": [26.11031, 29.77276, 55.10374],
							"lerp_mode": "catmullrom"
						}
					},
					"position": {
						"0.0": {
							"post": [0, 0, 0],
							"lerp_mode": "catmullrom"
						},
						"0.0833": [3.09375, -1, -5.28516],
						"0.375": [2.63672, -1, -5.28516],
						"0.4167": [2.63281, -1, -5.28516],
						"0.4583": [2.63672, -1, -5.28516],
						"0.5": [2.63281, -1, -5.28516],
						"0.5417": [2.63672, -1, -5.28516],
						"0.5833": [2.63281, -1, -5.28516],
						"0.625": [2.63672, -1, -5.28516],
						"0.6667": [2.63281, -1, -5.28516],
						"0.7083": [2.63672, -1, -5.28516],
						"0.75": [2.63281, -1, -5.28516],
						"0.7917": [2.63672, -1, -5.28516],
						"0.8333": [2.63281, -1, -5.28516],
						"0.875": [2.63672, -1, -5.28516],
						"0.9167": [2.63281, -1, -5.28516],
						"0.9583": [2.63672, -1, -5.28516],
						"1.0": [2.63281, -1, -5.28516],
						"1.25": [3.09375, -1, -5.28516],
						"1.3333": [-2.26, -0.55, 0.12297],
						"1.75": {
							"pre": [0, 0, 0],
							"post": [0, 0, 0],
							"lerp_mode": "catmullrom"
						}
					}
				},
				"rightItem": {
					"rotation": {
						"0.0": {
							"post": [10.03742, 4.92385, 0.87038],
							"lerp_mode": "catmullrom"
						},
						"0.0833": [-8.15, -32.1033, -27.64034],
						"0.375": [-8.15, -32.1033, -27.64034],
						"0.4167": [-26.42201, -29.23088, -6.44547],
						"0.4583": [-8.15, -32.1033, -27.64034],
						"0.5": [-26.42201, -29.23088, -6.44547],
						"0.5417": [-8.15, -32.1033, -27.64034],
						"0.5833": [-26.42201, -29.23088, -6.44547],
						"0.625": [-8.15, -32.1033, -27.64034],
						"0.6667": [-26.42201, -29.23088, -6.44547],
						"0.7083": [-8.15, -32.1033, -27.64034],
						"0.75": [-26.42201, -29.23088, -6.44547],
						"0.7917": [-8.15, -32.1033, -27.64034],
						"0.8333": [-26.42201, -29.23088, -6.44547],
						"0.875": [-8.15, -32.1033, -27.64034],
						"0.9167": [-26.42201, -29.23088, -6.44547],
						"0.9583": [-8.15, -32.1033, -27.64034],
						"1.0": [-26.42201, -29.23088, -6.44547],
						"1.25": [-8.15, -32.1033, -27.64034],
						"1.3333": [1.28, -15.75, -16.4],
						"1.75": {
							"pre": [10.03742, 4.92385, 0.87038],
							"post": [10.03742, 4.92385, 0.87038],
							"lerp_mode": "catmullrom"
						}
					},
					"position": {
						"0.0": [0, 0, 0],
						"0.0833": [-3.13281, -0.98047, 0],
						"0.375": [-2.58984, -1.28516, 0],
						"0.4167": [-2.58984, -1.28516, 0],
						"0.4583": [-2.58984, -1.28516, 0],
						"0.5": [-2.58984, -1.28516, 0],
						"0.5417": [-2.58984, -1.28516, 0],
						"0.5833": [-2.58984, -1.28516, 0],
						"0.625": [-2.92578, -1.21875, 0],
						"0.6667": [-2.58984, -1.28516, 0],
						"0.7083": [-2.58984, -1.28516, 0],
						"0.75": [-2.58984, -1.28516, 0],
						"0.7917": [-2.58984, -1.28516, 0],
						"0.8333": [-2.58984, -1.28516, 0],
						"0.875": [-2.58984, -1.28516, 0],
						"0.9167": [-2.58984, -1.28516, 0],
						"0.9583": [-2.58984, -1.28516, 0],
						"1.0": [-2.58984, -1.28516, 0],
						"1.25": [-2.58984, -1.28516, 0],
						"1.3333": [-1.83, -0.57, 0],
						"1.75": [0, 0, 0]
					}
				},
				"body": {
					"rotation": {
						"0.0": {
							"post": [0, 0, 0],
							"lerp_mode": "catmullrom"
						},
						"0.0833": [-22.0863, -46.07069, 17.01044],
						"0.375": [23.55398, -59.50656, -6.33807],
						"0.4167": [22.62242, -56.75673, -4.06441],
						"0.4583": [23.55398, -59.50656, -6.33807],
						"0.5": [22.62242, -56.75673, -4.06441],
						"0.5417": [23.55398, -59.50656, -6.33807],
						"0.5833": [22.62242, -56.75673, -4.06441],
						"0.625": [23.55398, -59.50656, -6.33807],
						"0.6667": [22.62242, -56.75673, -4.06441],
						"0.7083": [23.55398, -59.50656, -6.33807],
						"0.75": [22.62242, -56.75673, -4.06441],
						"0.7917": [23.55398, -59.50656, -6.33807],
						"0.8333": [22.62242, -56.75673, -4.06441],
						"0.875": [23.55398, -59.50656, -6.33807],
						"0.9167": [22.62242, -56.75673, -4.06441],
						"0.9583": [23.55398, -59.50656, -6.33807],
						"1.0": [23.55398, -59.50656, -6.33807],
						"1.25": [23.55398, -59.50656, -6.33807],
						"1.3333": [15.34, -33.58, -4.69],
						"1.75": {
							"pre": [0, 0, 0],
							"post": [0, 0, 0],
							"lerp_mode": "catmullrom"
						}
					},
					"position": {
						"0.0": [0, 0, 0],
						"0.0833": [0, -2, 0],
						"0.375": [0, -3.35547, 3.16016],
						"0.4167": [0, -3.35547, 3.16016],
						"0.4583": [0, -3.35547, 3.16016],
						"0.5": [0, -3.35547, 3.16016],
						"0.5417": [0, -3.35547, 3.16016],
						"0.5833": [0, -3.35547, 3.16016],
						"0.625": [0, -3.35547, 3.16016],
						"0.6667": [0, -3.35547, 3.16016],
						"0.7083": [0, -3.35547, 3.16016],
						"0.75": [0, -3.35547, 3.16016],
						"0.7917": [0, -3.35547, 3.16016],
						"0.8333": [0, -3.35547, 3.16016],
						"0.875": [0, -3.35547, 3.16016],
						"0.9167": [0, -3.35547, 3.16016],
						"0.9583": [0, -3.35547, 3.16016],
						"1.0": [0, -3.35547, 3.16016],
						"1.25": [0, -2, 3.16016],
						"1.3333": [0, -1.17, 1.84],
						"1.75": [0, 0, 0]
					},
					"scale": {
						"0.0": [1, 1, 1],
						"0.0833": [1, 1, 1],
						"0.375": [1, 1, 1],
						"0.3958": {"pre": [1, 1, 1], "post": [0, 0, 0]},
						"0.4167": {"pre": [0, 0, 0], "post": [1, 1, 1]},
						"0.4375": {"pre": [1, 1, 1], "post": [0, 0, 0]},
						"0.4583": {"pre": [0, 0, 0], "post": [1, 1, 1]},
						"0.4792": {"pre": [1, 1, 1], "post": [0, 0, 0]},
						"0.5": {"pre": [0, 0, 0], "post": [1, 1, 1]},
						"0.5208": {"pre": [1, 1, 1], "post": [0, 0, 0]},
						"0.5417": {"pre": [0, 0, 0], "post": [1, 1, 1]},
						"0.5625": {"pre": [1, 1, 1], "post": [0, 0, 0]},
						"0.5833": {"pre": [0, 0, 0], "post": [1, 1, 1]},
						"0.6042": {"pre": [1, 1, 1], "post": [0, 0, 0]},
						"0.625": {"pre": [0, 0, 0], "post": [1, 1, 1]},
						"0.6458": {"pre": [1, 1, 1], "post": [0, 0, 0]},
						"0.6667": {"pre": [0, 0, 0], "post": [1, 1, 1]},
						"0.6875": {"pre": [1, 1, 1], "post": [0, 0, 0]},
						"0.7083": {"pre": [0, 0, 0], "post": [1, 1, 1]},
						"0.7292": {"pre": [1, 1, 1], "post": [0, 0, 0]},
						"0.75": {"pre": [0, 0, 0], "post": [1, 1, 1]},
						"0.7708": {"pre": [1, 1, 1], "post": [0, 0, 0]},
						"0.7917": {"pre": [0, 0, 0], "post": [1, 1, 1]},
						"0.8125": {"pre": [1, 1, 1], "post": [0, 0, 0]},
						"0.8333": {"pre": [0, 0, 0], "post": [1, 1, 1]},
						"0.8542": {"pre": [1, 1, 1], "post": [0, 0, 0]},
						"0.875": {"pre": [0, 0, 0], "post": [1, 1, 1]},
						"0.8958": {"pre": [1, 1, 1], "post": [0, 0, 0]},
						"0.9167": {"pre": [0, 0, 0], "post": [1, 1, 1]},
						"0.9375": {"pre": [1, 1, 1], "post": [0, 0, 0]},
						"0.9583": {"pre": [0, 0, 0], "post": [1, 1, 1]},